"name","email","address"
"May Christiansen I","wilkinson.greg@brekke.net","713 Augustus Falls Apt. 819
Kameronton, AR 64588-1881"
"Rafael Homenick","qcollier@friesen.com","88769 Volkman Spring
Daughertyville, NC 96460"
"Dr. Merl Crist DDS","alf18@torp.com","260 Brendan Island Apt. 489
East Arnaldo, FL 80528"
"Maida Kilback","randy35@hotmail.com","3662 Berniece Land
Lake Nyahland, KY 33817-8559"
"Isobel Bode","julio.kris@pacocha.biz","8814 Fernando Stream Suite 871
North Francesco, ND 09228-3353"
"Brenden Feeney","michaela18@gmail.com","59609 Hansen Station
Schillerport, NE 21040"
"Zita Green Sr.","hirthe.hershel@prosacco.info","942 Emely Stream
Greenholtberg, MT 32187-2843"
"Serenity Luettgen","pascale83@hotmail.com","522 Borer Via Apt. 125
East Timothy, TX 76949-4159"
"Kathlyn Schoen","kschamberger@gmail.com","275 Cruickshank Hills
East Isobelchester, NM 37309"
"Millie Schumm","farrell.chadrick@price.net","3618 Fay Drives Apt. 085
North Stan, NM 35718-9226"
"Evan Rolfson DVM","turcotte.nathaniel@ankunding.net","125 Wisoky Estate Apt. 250
East Edna, MN 72195-4927"
"Xzavier Ondricka","mohammad08@hotmail.com","367 Hills Greens
New Jovanfort, AL 60735-8161"
"Bernadette DuBuque Jr.","lgutmann@willms.com","204 Gibson Corner Apt. 046
Rhetthaven, ID 51391"
"Rudy Mueller","smarvin@hotmail.com","5545 Georgiana Cove
Lake Maeganmouth, NJ 08688"
"Ms. Nannie Corwin IV","kareem13@gmail.com","64105 Raoul Heights
Hackettside, MD 99667-7218"
"Mr. Keven Bosco PhD","stiedemann.yasmin@goldner.info","7500 Mikayla Union
East Jadenberg, WY 83545-0196"
"Davon Gorczany","savanna.kuhic@gmail.com","73019 Hyatt Groves Apt. 631
Lake Lukasmouth, WY 93339"
"Freda Hermann","krajcik.jovani@yahoo.com","108 Schamberger Highway Apt. 700
Donton, IN 69020-8651"
"Reyna Stoltenberg","remington43@gmail.com","828 Kianna Fort
Colliertown, RI 85440"
"Mr. Deion Kub","bobbie77@hotmail.com","911 Tiara Court Apt. 295
Gutkowskistad, LA 66945"
"Camryn Paucek","demarcus.brakus@marquardt.net","99939 Jeffry Mission
Lake Sydniebury, TX 79570-6475"
"Alexane Stiedemann Jr.","roger.mayert@gmail.com","658 Lebsack Plain Apt. 490
South Laurelstad, TN 36303-8831"
"Jacky Crooks","amelia07@yahoo.com","9684 Trantow Canyon
Considinefurt, NY 51755-2806"
"Jena Greenfelder","hschumm@grady.biz","8267 Upton Plaza Apt. 429
New Trisha, SC 74654"
"Miss Adrianna Homenick IV","vyundt@rogahn.com","64045 Citlalli Prairie Suite 871
Port Elwinburgh, ME 68616"
"Norene Denesik III","jayda78@gmail.com","80020 Terry Rest
Bodeborough, MS 65750"
"Prof. Bernardo Frami","ulises00@greenfelder.org","945 Lavern Mount Suite 279
Port Ceceliaberg, VA 42063"
